{
  "Create_user" : {
    "transaction" : "Create_user",
    "sampleCount" : 27,
    "errorCount" : 0,
    "errorPct" : 0.0,
    "meanResTime" : 93.00000000000001,
    "medianResTime" : 90.0,
    "minResTime" : 87.0,
    "maxResTime" : 137.0,
    "pct1ResTime" : 105.2,
    "pct2ResTime" : 124.59999999999994,
    "pct3ResTime" : 137.0,
    "throughput" : 10.617381046008651,
    "receivedKBytesPerSec" : 3.3386686492331887,
    "sentKBytesPerSec" : 6.57134781753834
  },
  "Deposit" : {
    "transaction" : "Deposit",
    "sampleCount" : 10,
    "errorCount" : 0,
    "errorPct" : 0.0,
    "meanResTime" : 251.79999999999998,
    "medianResTime" : 229.0,
    "minResTime" : 213.0,
    "maxResTime" : 370.0,
    "pct1ResTime" : 360.80000000000007,
    "pct2ResTime" : 370.0,
    "pct3ResTime" : 370.0,
    "throughput" : 0.0931072688844818,
    "receivedKBytesPerSec" : 0.03448787801551167,
    "sentKBytesPerSec" : 0.05009971206577097
  },
  "Total" : {
    "transaction" : "Total",
    "sampleCount" : 78,
    "errorCount" : 0,
    "errorPct" : 0.0,
    "meanResTime" : 201.3974358974359,
    "medianResTime" : 206.0,
    "minResTime" : 87.0,
    "maxResTime" : 741.0,
    "pct1ResTime" : 279.60000000000014,
    "pct2ResTime" : 736.0,
    "pct3ResTime" : 741.0,
    "throughput" : 0.720827287933536,
    "receivedKBytesPerSec" : 0.289487892065355,
    "sentKBytesPerSec" : 0.3565961617102089
  },
  "send_money" : {
    "transaction" : "send_money",
    "sampleCount" : 10,
    "errorCount" : 0,
    "errorPct" : 0.0,
    "meanResTime" : 178.6,
    "medianResTime" : 144.0,
    "minResTime" : 111.0,
    "maxResTime" : 294.0,
    "pct1ResTime" : 292.0,
    "pct2ResTime" : 294.0,
    "pct3ResTime" : 294.0,
    "throughput" : 0.09319317080444345,
    "receivedKBytesPerSec" : 0.031916840821404606,
    "sentKBytesPerSec" : 0.050327952592634013
  },
  "payment" : {
    "transaction" : "payment",
    "sampleCount" : 5,
    "errorCount" : 0,
    "errorPct" : 0.0,
    "meanResTime" : 252.4,
    "medianResTime" : 246.0,
    "minResTime" : 197.0,
    "maxResTime" : 346.0,
    "pct1ResTime" : 346.0,
    "pct2ResTime" : 346.0,
    "pct3ResTime" : 346.0,
    "throughput" : 0.0524125496608908,
    "receivedKBytesPerSec" : 0.018518418425107708,
    "sentKBytesPerSec" : 0.028202455921045734
  },
  "Admin" : {
    "transaction" : "Admin",
    "sampleCount" : 26,
    "errorCount" : 0,
    "errorPct" : 0.0,
    "meanResTime" : 293.5384615384615,
    "medianResTime" : 213.5,
    "minResTime" : 204.0,
    "maxResTime" : 741.0,
    "pct1ResTime" : 737.5,
    "pct2ResTime" : 741.0,
    "pct3ResTime" : 741.0,
    "throughput" : 0.2407451989851664,
    "receivedKBytesPerSec" : 0.1290714006277894,
    "sentKBytesPerSec" : 0.07781900475008796
  }
}